1|05/14/2022|2|05/22/2022|05/27/2022|idem na more|false|PENDING
2|05/10/2022|3|05/23/2022|05/30/2022|idem na more|false|PENDING
3|05/11/2022|1|08/12/2022|08/31/2022|idem na more|false|PENDING
4|05/11/2022|1|10/20/2022|10/31/2022|noc vestica|true|PENDING
5|05/11/2022|1|09/11/2022|09/12/2022|proslava 9/11|false|PENDING
6|05/10/2022|1|05/11/2022|05/13/2022|Hocu da idem na more bu raz|False|PENDING
7|05/10/2022|1|05/20/2022|05/23/2022|Hocu na more|False|PENDING
8|05/10/2022|1|05/14/2022|05/19/2022|Hocu 10 dana odmora|True|PENDING
9|05/12/2022|1|10/08/2022|10/09/2022|Nesto nesto nesto|False|PENDING
10|05/13/2022|1|05/24/2022|05/27/2022|Hocu na more|True|PENDING
11|05/16/2022|1|07/01/2022|07/09/2022|balablablbalbalbla|False|PENDING
